{
    "Player": {
        "ArmL Translation": [
            -1.0,
            4.0,
            0.0
        ],
        "ArmR Translation": [
            1.0,
            4.0,
            0.0
        ],
        "Head Translation": [
            0.0,
            4.300000190734863,
            0.0
        ],
        "TestInt": 28,
        "TestVec": [
            50.0,
            2.799999952316284,
            -2.691999912261963
        ],
        "floatingAmplitude": 0.5,
        "floatingCycle": 60.0
    }
}
