{
    "Player": {
        "ArmL Translation": [
            0.6000000238418579,
            -2.4000000953674316,
            -3.8459999561309814
        ],
        "ArmR Translation": [
            1.0,
            4.0,
            -5.385000228881836
        ],
        "Head Translation": [
            0.0,
            4.300000190734863,
            1.5379999876022339
        ],
        "floatingAmplitude": 83.33300018310547,
        "floatingCycle": 36.45800018310547
    }
}
