{
    "Player": {
        "TestInt": 28,
        "TestVec": [
            50.0,
            2.799999952316284,
            -2.691999912261963
        ]
    }
}
