{
    "Player": {
        "TestFloat": 38.54199981689453,
        "TestInt": 33,
        "TestVec": [
            0.4000000059604645,
            -0.800000011920929,
            -7.691999912261963
        ]
    }
}
